Label,# Samples,Average,Median,90% Line,95% Line,99% Line,Min,Max,Error %,Throughput,Received KB/sec,Sent KB/sec
Post_1d,50,1000,898,1465,1490,1821,723,1821,0.000%,1.00521,2408.50,0.30
TOTAL,50,1000,898,1465,1490,1821,723,1821,0.000%,1.00521,2408.50,0.30
